{
  "users": [
    {
      "id": 1001,
      "EmailId": "Mayank@gmail.com",
      "RoleId": 1,
      "FirstName": "Mayank",
      "LastName": "Sharma",
      "UserPassword": "123456789",
      "Gender": "M",
      "ContactNumber": 2457984315,
      "DateOfBirth": "1999-05-22",
      "Address": "Delhi"
    },
    {
      "id": 1002,
      "EmailId": "poorvi@gmail.com",
      "RoleId": 1,
      "FirstName": "Poorvi",
      "LastName": "Jain",
      "UserPassword": "123456789",
      "Gender": "M",
      "ContactNumber": 8465713549,
      "DateOfBirth": "1998-12-04",
      "Address": "Lucknow"
    },
    {
      "id": 1003,
      "EmailId": "Prabhjeet@gmail.com",
      "RoleId": 1,
      "FirstName": "Prabhjeet",
      "LastName": "Bhabar",
      "UserPassword": "hijk@1234",
      "Gender": "F",
      "ContactNumber": 4587921568,
      "DateOfBirth": "1997-10-26",
      "Address": "Mumbai"
    },
    {
      "id": 1004,
      "EmailId": "Sagar@gmail.com",
      "RoleId": 1,
      "FirstName": "Sagar",
      "LastName": "Sharma",
      "UserPassword": "lmno@1234",
      "Gender": "M",
      "ContactNumber": 3654789125,
      "DateOfBirth": "1998-08-17",
      "Address": "Pune"
    }
  ]
}